"Empecemos el anÃ¡lisis del Huawei P10 haciendo un repaso rÃ¡pido a todo lo que ha cambiado en los mÃ³viles de Huawei en los Ãºltimos meses. Hace exactamente un aÃ±o, la compaÃ±Ã­a lanzaba el Huawei P9, un telÃ©fono que introducÃ­a la caracterÃ­stica de la cÃ¡mara dual en una gama que hasta ese momento siempre habÃ­a incorporado un Ãºnico sensor. Esta novedad se mantiene en este nuevo modelo, pero otras cosas sÃ­ han cambiado este aÃ±o
"En el Huawei P10, el lector de huellas ya no estÃ¡ en la parte trasera, sino que se ha movido a la parte frontal. Es un giro radical respecto a la lÃ­nea que la compaÃ±Ã­a habÃ­a seguido con el P9 o incluso el reciente Mate 9, con lectores dactilares que durante aÃ±os han estado situados en la parte superior de la carcasa trasera. Si tienes un mÃ³vil de este fabricante y te habÃ­as acostumbrado a desbloquear el mÃ³vil con el dedo Ã­ndice, ahora llega la hora de que lo hagas con el dedo pulgar.
"Es imposible empezar el anÃ¡lisis del Huawei P10 por otra parte que no sea el diseÃ±o del telÃ©fono. Es imposible no tanto porque este aÃ±o haya habido un giro de 180 grados en el diseÃ±o, cosa que no ha sucedido, sino porque lo que sÃ­ ha cambiado radicalmente es la ubicaciÃ³n del lector de huellas dactilares. Estaba en la parte trasera, pero Huawei ha decidido llevÃ¡rselo delante.
"Pero hablemos del diseÃ±o del Huawei P10 comenzando primero por la parte trasera. El telÃ©fono estÃ¡ construido en una sola pieza de metal, y en la parte superior de la carcasa incorpora una franja de cristal que recorre prÃ¡cticamente todo el ancho del mÃ³vil. Dicha franja alberga las dos cÃ¡maras principales acompaÃ±adas del Flash Dual-LED, y a su derecha tiene el inconfundible sello de Leica, que es la empresa que todos sabrÃ©is que este aÃ±o vuelve a firmar la cÃ¡mara de Huawei.
"Las medidas de este terminal, antes de que nos olvidemos de mencionarlo, alcanzan los 145,3 x 69,3 x 6,98 milÃ­metros, con un peso establecido en los 145 gramos. El grosor se ha visto incrementado en tres centÃ©simas en comparaciÃ³n al Huawei P9, el cual se quedaba en los 6,95 mm (no iremos a poner el grito en el cielo por eso, Â¿verdad?), mientras que el peso ha disminuido en un gramo. Lo uno por lo otro.
"Â¿Y quÃ© hay de los laterales? En el lado derecho estÃ¡n los botones fÃ­sicos de encendido y de volumen, y aquÃ­ es importante que nos paremos a analizar mÃ¡s en profundidad uno de estos dos botones. En concreto, queremos comentar algÃºn detalle del botÃ³n de encendido.
"En cualquier caso, cabe decir que los botones fÃ­sicos tienen un tacto robusto y transmiten sensaciÃ³n de firmeza cuando se pulsan (en otras palabras: no bailan al tacto). EstÃ¡n ubicados, ademÃ¡s, en una posiciÃ³n que queda fÃ¡cilmente accesible para los dedos.
"Recapitulemos: hemos visto el diseÃ±o de la parte trasera, el diseÃ±o de los laterales, la posiciÃ³n de los puertos fÃ­sicos... asÃ­ que ahora toca mirar el Huawei P10 de frente. Â¿RecordÃ¡is el diseÃ±o frontal del P9, con el logotipo de la marca ubicado debajo de la pantalla? En este nuevo Huawei eso ha cambiado, y esa misma franja estÃ¡ ahora protagonizada Ãºnica y exclusivamente por el lector de huellas.
"Estamos ante un lector que funciona a modo de superficie tÃ¡ctil, lo que quiere decir que no hay que pulsarlo y basta con apoyar el dedo para desbloquear la pantalla. Hablaremos de su funcionamiento en profundidad mÃ¡s adelante, pero creednos cuando decimos que la velocidad de desbloqueo es simplemente espectacular.
"Haciendo un parÃ©ntesis, dejadnos que mencionemos que en la parte frontal tambiÃ©n hay un LED de notificaciones. EstÃ¡ ubicado en la esquina superior izquierda del panel frontal, y se ilumina con un color diferente en funciÃ³n de la aplicaciÃ³n de la que estamos recibiendo el mensaje: por ejemplo, verde para WhatsApp y azul para Telegram.
"Llevamos ya un buen trecho de la prueba del P10, y hasta ahora no hemos hecho mÃ¡s que hablar del diseÃ±o. Es hora de que pasemos al siguiente apartado, el de ""Pantalla"", y dejemos para el final nuestras sensaciones mÃ¡s personales sobre cÃ³mo se siente este telÃ©fono en la mano.
"La pantalla del Huawei P10 es de 5,1 pulgadas, estÃ¡ albergada sobre un panel IPS-NEO LCD y alcanza una resoluciÃ³n Full HD de 1.920 x 1.080 pÃ­xeles, lo que se traduce en una densidad de pÃ­xeles de 432 ppi. MÃ¡s allÃ¡ del Huawei P10 Plus (el cual cabe destacar que tiene una pantalla de 5,5 pulgadas) y de la versiÃ³n Pro del Mate 9 (tambiÃ©n de 5,5), es evidente que Huawei se resiste a dar el salto a la resoluciÃ³n Quad HD en el tamaÃ±o de las 5,1 pulgadas.
"En una Ã©poca en la que ya nos hemos acostumbrado a los telÃ©fonos de 5,5, 5,6 y 5,7 pulgadas, hablar de 5,1"" equivale a hablar de un terminal compacto. El Huawei P10 lo es, y puedo confirmar que con el telÃ©fono sujeto con una sola mano es posible llegar incluso a tocar con el dedo pulgar la esquina superior derecha del panel. Para llegar a la esquina superior izquierda, eso sÃ­, hay que forzar un poco mÃ¡s el gesto de la mano, y eso es precisamente lo que diferencia este dispositivo de otros que tienen pantallas inferiores a las cinco pulgadas.
"Pero hablemos de la calidad de imagen. La pantalla se ve muy bien, excelente me atreverÃ­a a decir, y estÃ¡ a la altura de lo que nos esperarÃ­amos de un telÃ©fono de esta franja de precio. Los colores se ven de maravilla, y tanto los blancos se muestran blancos -nada de tonos amarillentos- como los negros se muestran negros casi-de verdad -no al nivel de una Super AMOLED, pero al menos no hay fugas de luz en las esquinas-.
"A todos nos gustan las cifras, y si nos dieran a elegir en igualdad de condiciones entre una pantalla Full HD y otra Quad HD serÃ­amos muchos los que nos lanzarÃ­amos de cabeza a por la segunda opciÃ³n. Pero hay que poner esta elecciÃ³n en contexto: en las 5,1 pulgadas, tan solamente Samsung (con el Galaxy S7 y el Galaxy S6) se ha atrevido a dar el salto a la resoluciÃ³n Quad HD, e incluso en las 5,2 no encontramos mÃ¡s allÃ¡ del HTC 10 ejemplos de una apuesta asÃ­ de arriesgada dignos de menciÃ³n.
"El software del Huawei P10 tambiÃ©n tiene algo que decir sobre la pantalla. AdemÃ¡s de la opciÃ³n de ""Temperatura de color"", la cual nos permite personalizar las tonalidades del panel a nuestro gusto, tambiÃ©n tenemos a nuestra disposiciÃ³n el prÃ¡ctico Modo lectura. Es el modo que hace que la pantalla se vea mÃ¡s amarilla para que no moleste tanto a los ojos por la noche, y se puede programar incluso de forma automÃ¡tica, para que se encienda por sÃ­ solo a partir de cierta hora.
"Pero hay dos puntualizaciones que me gustarÃ­a hacer antes de abandonar el apartado de la pantalla. Una es sobre el brillo, y la otra sobre los Ã¡ngulos de visiÃ³n: no me malinterpretÃ©is, porque no quiero decir que sean los puntos dÃ©biles de la pantalla. Pero, si Huawei pretende competir contra terminales como el Galaxy S8 o el LG G6, el nivel de exigencia que debemos aplicar a la review de su mÃ³vil tiene que estar a la altura de los mÃ¡s de 600 euros que cada usuario pagarÃ¡ por este terminal.
"Sobre el brillo me gustarÃ­a decir que, en exteriores, me hubiera encantado tener tan solamente un nivel mÃ¡s de brillo -un pelÃ­n extra de iluminaciÃ³n, en resumen- para que la pantalla se viera mejor en plena exposiciÃ³n al sol.
"El Huawei P10 incorpora una cÃ¡mara dual compuesta por un sensor principal de 12 megapÃ­xeles y otro sensor adicional de 20 megapÃ­xeles, siendo este segundo el sensor monocromÃ¡tico que permite dar vida a las fotografÃ­as en blanco y negro. Los dos sensores estÃ¡n acompaÃ±ados por un Flash Dual-LED, tienen estabilizaciÃ³n Ã³ptica de imagen (OIS), ofrecen una apertura de f/2.2 y, para rematar, graban vÃ­deos en 4K.
"Es aplicable para lo bueno porque mantenemos nuestra afirmaciÃ³n de que se trata de una cÃ¡mara que entra en el Top 3 del mercado, pero tambiÃ©n para lo malo porque comete exactamente los mismos errores que su hermano mayor. Para mÃ¡s inri, resulta que este aÃ±o la mejor cÃ¡mara de Huawei se queda en el P10 Plus, la variante mÃ¡s cara de este terminal cuyo doble sensor admite mÃ¡s luminosidad en las fotografÃ­as.
"En exteriores, la cÃ¡mara se comporta como un verdadero portento fotogrÃ¡fico. Tanto de dÃ­a como incluso a Ãºltima hora de la tarde hemos obtenido resultados de lo mÃ¡s espectaculares, y si dedicamos unos minutos a jugar con los diferentes modos de fotografÃ­a podemos volvernos a casa con un Ã¡lbum repleto de instantÃ¡neas que quitan el aliento.
"Hasta ahÃ­ las primeras sensaciones. Es al entrar a analizar mÃ¡s en profundidad la cÃ¡mara cuando empezamos a ver los primeros claro oscuros de su funcionamiento. Tal y como decÃ­amos al principio, esta cÃ¡mara hereda los problemas del apartado fotogrÃ¡fico del Mate 9: de dÃ­a todo son alegrÃ­as, pero al llegar la noche la calidad de las imÃ¡genes cae en picado.
"Es hora de que Huawei se ponga las pilas con las fotos nocturnas (cosa que parecÃ­a que habÃ­a solucionado hace dos generaciones). Parece que el salto a la doble cÃ¡mara no le ha sentado nada bien a las fotografÃ­as nocturnas.
"MÃ¡s allÃ¡ del desenfoque, la verdadera seÃ±a de identidad de las cÃ¡maras duales de Huawei son las fotografÃ­as en blanco y negro. La compaÃ±Ã­a ha convertido este efecto vintage en el principal reclamo de su cÃ¡mara, y podÃ©is comprobar por vosotros mismos que se trata de fotografÃ­as que no admiten ninguna queja. Otra cosa mucho mÃ¡s discutible es lo prÃ¡ctico que pueda resultar el formato de blanco/negro para las fotografÃ­as del dÃ­a a dÃ­a.
"De la aplicaciÃ³n de cÃ¡mara que viene instalada de serie en este dispositivo tambiÃ©n nos gustarÃ­a destacar algÃºn que otro dato importante. Para empezar, un dato que no hemos mencionado hasta ahora es que por defecto las fotografÃ­as que toma el Huawei P10 se inmortalizan con una resoluciÃ³n de 3.968 x 2.976 pÃ­xeles (formato 4:3), mientras que los vÃ­deos se graban en Full HD. Pero ambas cosas se pueden modificar.
"En los vÃ­deos, mÃ¡s de lo mismo. La resoluciÃ³n que viene activada de fÃ¡brica es la Full HD (1.920 x 1.080 pÃ­xeles, con la opciÃ³n de elegir entre 30 y 60 fps), pero hay una resoluciÃ³n superior que alcanza el formato 4K (3.280 x 2.160 pÃ­xeles). El problema es que la resoluciÃ³n 4K no tiene estabilizaciÃ³n de imagen, por lo que es muy fÃ¡cil que el vÃ­deo salga movido en este formato.
"En el papel, la combinaciÃ³n de rendimiento del Huawei P10 es idÃ©ntica a la del Mate 9, y ligeramente superior a la que traÃ­a el Huawei P9. Estamos hablando de un terminal que incorpora un procesador fabricado por la propia Huawei, el Kirin 960, acompaÃ±ado por un procesador grÃ¡fico Mali-G71 MP8 y 4 GB de RAM. La versiÃ³n que hemos probado traÃ­a 64 GB de almacenamiento interno (en realidad libres quedaban 52,66 GB), y dicha capacidad es ampliable con una tarjeta microSD.
"Tanto en tareas tan cotidianas como visitar la pÃ¡gina de ComputerHoy.com desde Chrome como en usos mÃ¡s exigentes que pasan por juegos de la talla de FIFA Mobile o Call of Duty: Heroes, el P10 se defiende a capa y espada para mantener su rendimiento en el lÃ­mite mÃ¡ximo de fluidez que permite el procesador. La parte trasera se calienta un poco en los usos muy-muy-muy exigentes (no nos ha pasado en los juegos, pero sÃ­ en las pruebas de rendimiento), aunque no es nada preocupante.
"Si hablamos de cifras puras y duras, la primera sorpresa que nos hemos llevado es que el Huawei P10 obtiene en AnTuTu mÃ¡s puntos de los que consiguiÃ³ el Mate 9 que tuvimos la oportunidad de probar en su dÃ­a. El P10 que hemos probado alcanza los 134.132 puntos en AnTuTu Benchmark (v6.2.7), frente a los 122.555 puntos que logrÃ³ nuestro Mate 9 y los 81.156 que en su dÃ­a logrÃ³ el P9. En la clasificaciÃ³n general de AnTuTu, la que recopila pruebas de todo el planeta, sÃ­ es cierto que hay un Mate 9 que en alguna parte del mundo consiguiÃ³ los 142.819 puntos.
"En las otras dos pruebas de rendimiento del P10 que hemos hecho, con las aplicaciones de 3DMark (en la prueba de Sling Shot 1.0) y GeekBench 4, los resultados han sido de 2.656 y 1.921/5.452 puntos, respectivamente. En el caso de la segunda prueba, la de GeekBench, la puntuaciÃ³n supera por poco (especialmente en el multi-nÃºcleo) la nota que obtiene el Honor 8 en la misma prueba",http://computerhoy.com/analisis/huawei-p10-analisis-opinion-59410
"A excepciÃ³n de los mÃ¡s perspicaces, llegados a este punto muy pocos os habrÃ©is dado cuenta de que en todas las fotografÃ­as del Huawei P10 de esta review falta algo. Mirad la imagen que tenÃ©is encima de este mismo pÃ¡rrafo, Â¿no echÃ¡is en falta algÃºn detalle en la pantalla? Una pista: lo que falta estÃ¡ en la parte inferior de la pantalla. O, mejor dicho, ahÃ­ es donde deberÃ­a estar en condiciones normales lo que falta",http://computerhoy.com/analisis/huawei-p10-analisis-opinion-59410
"Todo esto tiene su explicaciÃ³n. El P10 viene de fÃ¡brica con EMUI 5.1, la versiÃ³n mÃ¡s reciente de la capa de personalizaciÃ³n de Huawei, y una de las grandes novedades de esta interfaz es la posibilidad de eliminar de la pantalla los botones virtuales. A cambio, el que hace la funciÃ³n de Retroceso, Inicio y MenÃº es el lector de huellas dactilares. Para mÃ­, esta es la funciÃ³n estrella de la interfaz de este telÃ©fono",http://computerhoy.com/analisis/huawei-p10-analisis-opinion-59410
"Dejadnos que os expliquemos su funcionamiento. Tras activar esta funciÃ³n (se hace desde Ajustes > Tecla de navegaciÃ³n > Botones de navegaciÃ³n que no aparecen en pantalla), los gestos del lector de huellas que se utilizan para navegar por la interfaz se resumen en",http://computerhoy.com/analisis/huawei-p10-analisis-opinion-59410
"Hay mÃ¡s cosas por decir sobre la interfaz mÃ¡s allÃ¡ de los botones virtuales. Tal y como ya hemos mencionado, se trata de EMUI 5.1, y es una capa que estÃ¡ basada en la versiÃ³n de Android 7.0 Nougat. EMUI ha mejorado mucho en los Ãºltimos aÃ±os, y a dÃ­a de hoy ya prÃ¡cticamente no tiene ni rastro de la sombra china que durante tanto tiempo ha perseguido a los anteriores telÃ©fonos de Huawei. Pero quedan cosas por pulir",http://computerhoy.com/analisis/huawei-p10-analisis-opinion-59410
"El Huawei P10 tiene una baterÃ­a de 3.200 mAh de capacidad, lo que quiere decir que ha habido un incremento de 200 mAh respecto a la capacidad de su antecesor. La baterÃ­a se carga a travÃ©s de un puerto USB de Tipo-C (el cargador que viene en la caja tiene una salida de 5V/2A, 4.5V/5A o 5V/4.5A), y todos estos nÃºmeros se complementan con la tecnologÃ­a de carga ultra-rÃ¡pida de Huawei SuperCharge",http://computerhoy.com/analisis/huawei-p10-analisis-opinion-59410
"Eso sÃ­, desde aquÃ­ quisiera hacer una advertencia: mucho cuidado con dejar el WiFi+ (una funciÃ³n de Huawei que combina la conectividad de WiFi con los datos para mejorar la conexiÃ³n) activado en interiores. La primera noche de la review de este mÃ³vil tuve un importante susto al comprobar por la maÃ±ana que la baterÃ­a del telÃ©fono se habÃ­a descargado de mÃ¡s de un 50% a un 4% sin haber tocado el terminal en ningÃºn momento. Era evidente que tenÃ­a que tratarse de algÃºn error",http://computerhoy.com/analisis/huawei-p10-analisis-opinion-59410
"Â¿Y quÃ© hay del tiempo de carga? Es cierto que la de Huawei es una tecnologÃ­a de carga ultra-rÃ¡pida muy rÃ¡pida, pero tal y como ocurre en todos los demÃ¡s fabricantes la velocidad de carga disminuye a medida que aumenta el estado de la carga. A mÃ¡s autonomÃ­a tiene el mÃ³vil, mÃ¡s tarda en cargar el mismo porcentaje de baterÃ­a. En otras palabras, es una tecnologÃ­a que resulta realmente Ãºtil cuando tenemos solamente un 5, 10 o 15% de baterÃ­a y necesitamos salir rÃ¡pidamente de casa",http://computerhoy.com/analisis/huawei-p10-analisis-opinion-59410
"En tÃ©rminos de conectividades, el Huawei P10 incorpora WiFi a/b/g/n/ac 2.4G/5G, 4G LTE (de Cat. 9 (hasta 450 Mbps de velocidad de descarga y 100 Mbps de subida), lo que estÃ¡ por debajo del Cat. 12 que tiene el Mate 9), GPS (con A-GPS y Glonass), Bluetooth 4.2 y NFC. Radio FM, por desgracia, no hay",http://computerhoy.com/analisis/huawei-p10-analisis-opinion-59410
"Es hora de que dejemos de hablar de los entresijos del Huawei P10, y terminemos el anÃ¡lisis dando nuestras opiniones acerca de lo que nos ha parecido este telÃ©fono. Es el momento de entrar de lleno en nuestras conclusiones acerca de todos y cada uno de los apartados de este smartphone",http://computerhoy.com/analisis/huawei-p10-analisis-opinion-59410
"Â¿CuÃ¡les son las cosas que mÃ¡s nos han gustado del Huawei P10? AdemÃ¡s del diseÃ±o, destacarÃ­amos especialmente el funcionamiento del lector de huellas, la tecnologÃ­a de carga rÃ¡pida de la baterÃ­a, el funcionamento de la doble-cÃ¡mara principal y la interesante incorporaciÃ³n de los gestos en el lector dactilar. Esas son algunas de las cosas que mÃ¡s nos han gustado de este terminal",http://computerhoy.com/analisis/huawei-p10-analisis-opinion-59410
"Lo que no nos ha gustado, concretamente de la cÃ¡mara, es que este aÃ±o Huawei haya decidido guardarse lo mejor para el Huawei P10 Plus. El aÃ±o pasado, tanto el P9 como el P9 Plus traÃ­an la misma configuraciÃ³n de cÃ¡mara, pero en esta ocasiÃ³n nos encontramos con que -al menos sobre el papel- la cÃ¡mara del modelo mÃ¡s grande es sencillamente mejor. Es una estrategia similar a la que ha seguido Apple con el iPhone 7 y el iPhone 7 Plus, pero que lo haga un fabricante como Apple no quiere decir que tengan que hacerlo tambiÃ©n todos los demÃ¡s",http://computerhoy.com/analisis/huawei-p10-analisis-opinion-59410
"En cualquier caso, mentirÃ­amos si dijÃ©ramos otra cosa que no fuera que el Huawei P10 es un mÃ³vil absolutamente recomendable en la alta gama de Android. El precio que tiene de salida se nos antoja elevado, pero en cuanto baje a los 400 o 500 euros serÃ¡ uno de los mejores telÃ©fonos que podremos comprar con este presupuesto. Para cuando llegue el Samsung Galaxy S8, de hecho, es probable que ya lo podamos encontrar por ese precio",http://computerhoy.com/analisis/huawei-p10-analisis-opinion-59410
"En tÃ©rminos de diseÃ±o, el P10 se posiciona como el terminal de alta gama ideal para cualquiera que no estÃ© del todo convencido de los llamativos diseÃ±os de modelos como el S7 Edge o el Moto Z. El de Huawei tambiÃ©n tiene un diseÃ±o de alta gama, eso no lo ponemos en duda, pero es un diseÃ±o mucho mÃ¡s elegante y sencillo que el de sus competidores. Eso, segÃºn como se mire, puede ser tanto un punto a favor como un punto en contra",http://computerhoy.com/analisis/huawei-p10-analisis-opinion-59410
"Lo que no se puede discutir es que estamos hablando de un mÃ³vil que se siente muy, muy bien en la mano. Da gusto tenerlo sujeto con una sola mano, ya que sus absolutamente redondeadas formas encajan a la perfecciÃ³n en la palma. Es ligero, es delgado y por encima de todo tiene un tamaÃ±o razonable para manejar la pantalla sin necesidad de utilizar la otra mano",http://computerhoy.com/analisis/huawei-p10-analisis-opinion-59410
"Respecto al altavoz (en singular, porque solamente hay uno), lo Ãºnico que podemos decir es que tiene un volumen mÃ¡ximo mÃ¡s que suficiente para escuchar mÃºsica en interiores y que, con un volumen razonable, el sonido es limpio, nÃ­tido y nada distorsionado",http://computerhoy.com/analisis/huawei-p10-analisis-opinion-59410
"Lo podemos explicar mejor todavÃ­a con los nÃºmeros de nuestra review del P10: para pasar del 6 al 20% de autonomÃ­a, la baterÃ­a necesita unos diez minutos; para pasar del 0 al 40%, la baterÃ­a tarda unos 30 minutos; para pasar del 40 al 72%, por ejemplo, se requieren mÃ¡s de 30 minutos. Tal y como se puede ver, la efectividad de la carga ultra-rÃ¡pida se va perdiendo a medida que la baterÃ­a se acerca al cien por cien de su capacidad. El tiempo de carga completa, por cierto, supera la hora y cuarto",http://computerhoy.com/analisis/huawei-p10-analisis-opinion-59410
"Para detectar el problema, e intuyendo por dÃ³nde podÃ­an ir los tiros, lo que hice la segunda noche fue desactivar el WiFi+, dejando activo todo lo demÃ¡s (tanto el WiFi convencional como los datos). Y voilÃ¡: la baterÃ­a se comportÃ³ de forma completamente normal. Es probable que Huawei solucione esta cuestiÃ³n con alguna de las prÃ³ximas actualizaciones de su interfaz, pero tenedlo en cuenta los que vayÃ¡is a ser de los primeros en comprar este mÃ³vil en su lanzamiento",http://computerhoy.com/analisis/huawei-p10-analisis-opinion-59410
"Pero vayamos directos a nuestras opiniones sobre la baterÃ­a. La conclusiÃ³n a la que hemos llegado es muy sencilla: la baterÃ­a del P10 se comporta como una roca, y no hay uso exigente -dentro de unos lÃ­mites, claro estÃ¡- que pueda bajar de un dÃ­a de encendido la autonomÃ­a de este terminal. Si sois conservadores, incluso os auguro los dos dÃ­as de uso sin necesidad de pasar por el enchufe",http://computerhoy.com/analisis/huawei-p10-analisis-opinion-59410
"Entremos mÃ¡s en detalle en la autonomÃ­a. Entre semana, con un uso cotidiano de lunes a viernes (navegar por Chrome, escuchar la radio con la pantalla apagada, hablar por WhatsApp), el Huawei P10 nos ha estado dando algo mÃ¡s de un dÃ­a de uso. En los fines de semana, con un uso principalmente multimedia, hemos superado de largo las cuatro horas de pantalla",http://computerhoy.com/analisis/huawei-p10-analisis-opinion-59410
"Lo que sigue fallando en la interfaz es el diseÃ±o de los iconos. Lo podÃ©is ver por vosotros mismos en la galerÃ­a de la interfaz: los iconos de las aplicaciones de Huawei no encajan en absoluto con los iconos de las aplicaciones de Google, y a poco que empecemos a instalar apps desde Google Play nos daremos cuenta de que el cajÃ³n de aplicaciones (opcional, por cierto) empieza a parecerse mÃ¡s a un collage que a otra cosa. Falta uniformidad",http://computerhoy.com/analisis/huawei-p10-analisis-opinion-59410
"Tal y como es costumbre en este fabricante, no hay muchas aplicaciones instaladas de fÃ¡brica mÃ¡s allÃ¡ de las de Google y algÃºn que otro invitado inesperado como TripAdvisor, Booking.com o Todoist (se pueden desinstalar). Todas las opciones de personalizaciÃ³n que trae esta capa podÃ©is verlas en la galerÃ­a de la interfaz",http://computerhoy.com/analisis/huawei-p10-analisis-opinion-59410
"Pulsar una vez el lector de huellas para el Retroceso (es decir, para ir hacia atrÃ¡s en la pantalla)",http://computerhoy.com/analisis/huawei-p10-analisis-opinion-59410
"Mantener el dedo pulsado durante un segundo para el Inicio (es decir, para ir hasta la pantalla principal del telÃ©fono)",http://computerhoy.com/analisis/huawei-p10-analisis-opinion-59410
"Deslizar el dedo de derecha a izquierda para el MenÃº (es decir, para abrir el menÃº de aplicaciones en segundo plano",http://computerhoy.com/analisis/huawei-p10-analisis-opinion-59410
"Tal y como podÃ©is ver, cada botÃ³n virtual pasa a tener un gesto en el lector de huellas. Puede parecer incÃ³modo, engorroso y lento, y efectivamente lo es durante el primer dÃ­a; pero tras dos, tres y cuatro dÃ­as de uso, os aseguro que bajo ningÃºn concepto volverÃ­a a utilizar los botones virtuales de la pantalla en un mÃ³vil Android de poco mÃ¡s de cinco pulgadas. Por mÃ­, me quedo para siempre con los gestos en el lector de huellas (siempre y cuando el lector estÃ© ubicado en la parte frontal, claro estÃ¡)",http://computerhoy.com/analisis/huawei-p10-analisis-opinion-59410
"De cara a permitir a los usuarios aprovechar al cien por cien las 5,1 de la pantalla, la compaÃ±Ã­a china ha estrenado este aÃ±o la opciÃ³n de eliminar por completo los botones virtuales en su buque insignia. No vamos a decir que es una decisiÃ³n revolucionaria, porque los propios Moto G5 y Moto G5 incorporan exactamente la misma funciÃ³n (lo contÃ¡bamos en nuestra toma de contacto), pero tras haberla probado a fondo os podemos decir que bienvenida sea esta funciÃ³n en todos los telÃ©fonos",http://computerhoy.com/analisis/huawei-p10-analisis-opinion-59410
"Pero no nos vamos a hacer los remolones con la intriga: estamos hablando ni mÃ¡s ni menos que de los botones del sistema operativo. Para empezar, es cierto que el Huawei P10 no tiene botones tÃ¡ctiles debajo de la pantalla, pero en lugar de eso sÃ­ incorpora en la parte inferior del panel los clÃ¡sicos botones virtuales de Retroceso, Inicio y MenÃº. Pero en nuestro caso ni siquiera estÃ¡n ahÃ­ esos botones, y todo se debe a que asÃ­ lo hemos decidido nosotros mismos. Hemos decidido eliminar los botones virtuales de la pantalla",http://computerhoy.com/analisis/huawei-p10-analisis-opinion-59410
"En anteriores apartados os habÃ­amos prometido hablar del lector de huellas, y no nos hemos olvidado de ello. Desde hace un aÃ±o lo decimos siempre que probamos un terminal de esta marca, pero se trata de una afirmaciÃ³n que es cien por cien fiel a la realidad: el lector de huellas funciona tan rÃ¡pido que parece de mentira. Es apoyar el dedo durante un mili-segundo y la pantalla ya se estÃ¡ desbloqueando, y raro es que falle en algÃºn momento... incluso con el dedo mojado",http://computerhoy.com/analisis/huawei-p10-analisis-opinion-59410
"MÃ¡s allÃ¡ de los nÃºmeros, la realidad es que este terminal tiene una fluidez idÃ©ntica a la que podrÃ­amos encontrar en cualquiera de los mÃ³viles mÃ¡s potentes del mercado. Es difÃ­cil decir si el P10 va mÃ¡s rÃ¡pido o no que el Mate 9, porque ambos son telÃ©fonos que vuelan en la interfaz, pero desde luego os podemos garantizar que como mÃ­nimo este modelo es igual de fluido que su hermano mayor de la gama Mate",http://computerhoy.com/analisis/huawei-p10-analisis-opinion-59410
"Para no extendernos mÃ¡s todavÃ­a en este apartado, os dejamos a continuaciÃ³n una galerÃ­a de la interfaz de cÃ¡mara de este telÃ©fono. AhÃ­ podÃ©is ver todos los modos de imagen disponibles para esta cÃ¡mara, incluyendo el Modo Profesional. Dado que ya habÃ©is tenido bastante leyendo los entresijos del apartado fotogrÃ¡fico, pasemos ahora ahora al de rendimiento",http://computerhoy.com/analisis/huawei-p10-analisis-opinion-59410
"En las fotografÃ­as, la resoluciÃ³n mÃ¡xima que admite este telÃ©fono es de 5.120 x 3.840 pÃ­xeles (tambiÃ©n en formato 4:3). Es la resoluciÃ³n que en teorÃ­a hace uso automÃ¡ticamente del segundo sensor de la cÃ¡mara para mejorar la informaciÃ³n que recoge de la luz, pero tiene el inconveniente de que no permite hacer absolutamente nada de zoom en la imagen (un zoom que, por cierto, en las otras resoluciones es hÃ­brido hasta los dos aumentos)",http://computerhoy.com/analisis/huawei-p10-analisis-opinion-59410
"En nuestro caso, todas las fotografÃ­as que os hemos mostrado en la galerÃ­a tienen la resoluciÃ³n que viene activada por defecto, y os adelantamos que es imposible diferenciar a primera vista mejora alguna entre estos dos formatos. Para muestra de ello, ahÃ­ tenÃ©is una imagen comparativa de una escena idÃ©ntica inmortalizada en las dos resoluciones",http://computerhoy.com/analisis/huawei-p10-analisis-opinion-59410
"El verdadero tirÃ³n de orejas que se merece Huawei por la parte mÃ¡s mejorable de la cÃ¡mara de este dispositivo tiene nombre propio, y se llama Huawei P10 Plus. La marca ha decidido reservarse lo mejor de su cÃ¡mara para este modelo superior -y mÃ¡s caro tambiÃ©n-, y el Plus es el Ãºnico que tiene una apertura de f/1.8. Eso, en pocas palabras, se traduce en que ese otro mÃ³vil es mejor haciendo fotos nocturnas",http://computerhoy.com/analisis/huawei-p10-analisis-opinion-59410
"En lo referido al Modo Bokeh, que tan de moda ha puesto el iPhone 7 Plus, hay que reconocer que el P10 es uno de los telÃ©fonos del mercado que mejor consigue simular este efecto de desenfoque a travÃ©s de su software. Es un efecto que en el caso de Huawei -debido a que su segunda cÃ¡mara es monocromÃ¡tica- siempre estarÃ¡ limitado a las capacidades de post-procesado del telÃ©fono, pero no lo hace nada mal. AdemÃ¡s, el enfoque se puede modificar incluso una vez hecha la fotografÃ­a",http://computerhoy.com/analisis/huawei-p10-analisis-opinion-59410
"Es importante hacer hincapiÃ© en que el efecto Bokeh del P10 es un efecto simulado, y no un resultado de la verdadera combinaciÃ³n de dos fotografÃ­as tomadas con los dos sensores de la cÃ¡mara. De hecho, durante esta prueba -y llevados por la curiosidad- hemos probado a hacer fotografÃ­as Bokeh tapando una de las dos cÃ¡maras que tiene este mÃ³vil (la que es monocromÃ¡tica, la segunda mirando el mÃ³vil desde atrÃ¡s) y el resultado ha sido exactamente el mismo que si dejamos el sensor descubierto",http://computerhoy.com/analisis/huawei-p10-analisis-opinion-59410
"Durante las tomas nocturnas podemos hacer alguna que otra instantÃ¡nea interesante, pero la cÃ¡mara sufre de lo lindo para equilibrar la iluminaciÃ³n sin pecar de excesivo ruido. FÃ¡cilmente aparecen tonos pastel en los objetos que menos iluminados estÃ¡n en la escena, y a poco que haya un punto mucho mÃ¡s iluminado que los demÃ¡s la cÃ¡mara no consigue equilibrar la exposiciÃ³n para ofrecer una fotografÃ­a fiel a la realidad",http://computerhoy.com/analisis/huawei-p10-analisis-opinion-59410
"Es una cÃ¡mara de la mÃ¡s alta gama, de eso no hay duda. AdemÃ¡s, respeta la filosofÃ­a del apuntar-y-disparar que tanto nos gustÃ³ de nuestra prueba del Google Pixel XL: a la hora de hacer una fotografÃ­a no hace falta ni que perdamos tiempo enfocando manualmente la escena, ya que de todo ello se encarga la aplicaciÃ³n. Y lo hace muy bien",http://computerhoy.com/analisis/huawei-p10-analisis-opinion-59410
"Pero no nos adelantemos a los acontecimientos. Dado que cada uno de nosotros tiene un criterio diferente a la hora de juzgar la calidad de una cÃ¡mara, lo primero que queremos hacer es adjuntar a continuaciÃ³n una completa galerÃ­a con todas las fotografÃ­as del Huawei P10 que hemos tomado en diferentes escenas: a primera hora de la maÃ±ana, a Ãºltima hora de la tarde, de noche, en interiores, en exteriores... todo ello recopilado en una misma ventana",http://computerhoy.com/analisis/huawei-p10-analisis-opinion-59410
"Es posible que en los Ãºltimos dÃ­as hayÃ¡is leÃ­do que la cÃ¡mara del P10 es similar a la del Mate 9, y os confirmamos que os habÃ©is topado con una afirmaciÃ³n que no estÃ¡ en absoluto desencaminada de la realidad... y eso se aplica tanto para lo bueno como para lo malo",http://computerhoy.com/analisis/huawei-p10-analisis-opinion-59410
"En cuanto a los Ã¡ngulos de visiÃ³n, no me ha gustado que la pantalla pierda algo de brillo al mirarla desde los lados (especialmente con el mÃ³vil en vertical). Los colores se mantienen intactos, pero la pantalla se oscurece mÃ¡s de la cuenta a medida que aumenta el Ã¡ngulo de visiÃ³n",http://computerhoy.com/analisis/huawei-p10-analisis-opinion-59410
"AsÃ­ que, si al llegar al final de este anÃ¡lisis y opiniones del Huawei P10 tenÃ©is alguna duda acerca del porquÃ© de la puntuaciÃ³n que ha recibido este mÃ³vil en el apartado de la pantalla, estos tres Ãºltimos pÃ¡rrafos deberÃ­an despejar todas vuestras dudas. Hablemos ahora de la cÃ¡mara",http://computerhoy.com/analisis/huawei-p10-analisis-opinion-59410
"La de poner una resoluciÃ³n de 2.560 x 1.440 pÃ­xeles en una pantalla de menos de 5,2"" es una apuesta arriesgada porque, si se hace mal, puede mandar directamente al traste la autonomÃ­a del telÃ©fono. Teniendo en cuenta que en pantallas tan pequeÃ±as el Quad HD sirve para poco mÃ¡s que para mejorar la experiencia de la realidad virtual, y que el ojo humano es simplemente incapaz de diferenciar entre ambas resoluciones, nos alegramos de que Huawei se haya mantenido fiel al Full HD en el Huawei P10. Si algo funciona, Â¿para quÃ© cambiarlo?",http://computerhoy.com/analisis/huawei-p10-analisis-opinion-59410
"Por cierto, Â¿sabÃ­ais que el Huawei P10 es mÃ¡s o menos resistente al agua? Ese mÃ¡s o menos es la forma mÃ¡s sencilla de explicar que lo que Huawei dijo durante la presentaciÃ³n de este telÃ©fono es que era water resistant, pero no water proof. En castellano eso significa que sÃ­, que lo podemos salpicar con agua, pero que a nadie se le pase a la cabeza meterse con Ã©l en la ducha",http://computerhoy.com/analisis/huawei-p10-analisis-opinion-59410
"En el lateral izquierdo tenemos la bandeja Dual-SIM (podemos sacrificar una de las tarjetas telefÃ³nicas para utilizar una tarjeta microSD), y en la parte inferior -ordenados de izquierda a derecha- encontramos la salida minijack de 3,5 milÃ­metros (Â¿quiÃ©n dijo que el minijack iba a desaparecer?), el puerto USB de Tipo-C y el altavoz. El altavoz, permitidnos que lo mencionemos, estÃ¡ lo suficientemente alejado de la esquina del telÃ©fono como para que no lleguemos a taparlo con la mano",http://computerhoy.com/analisis/huawei-p10-analisis-opinion-59410
"El botÃ³n de encendido tiene un tacto rugoso, lo que de por sÃ­ es ayuda mÃ¡s que suficiente para encontrarlo al tacto cuando no podemos pararnos a distinguirlo con la vista del botÃ³n de volumen, pero por algÃºn motivo Huawei ha decidido que ademÃ¡s de eso tambiÃ©n es buena idea rodear el botÃ³n de una franja de color rojo. Es una decisiÃ³n extraÃ±a, ya no ayuda en absoluto a que el botÃ³n se vea mejor de noche, y hace que el diseÃ±o del lateral quede algo extraÃ±o con este color rojo",http://computerhoy.com/analisis/huawei-p10-analisis-opinion-59410
"Si seguimos mirando la parte trasera, un poco mÃ¡s abajo de la franja de cristal veremos tambiÃ©n el logotipo de Huawei. Toda la parte trasera es completamente lisa, y la versiÃ³n que nosotros hemos tenido la oportunidad de probar era de color negro (tanto por delante como por detrÃ¡s), pero tambiÃ©n hay versiones de color verde (el llamado Greenery que la compaÃ±Ã­a ha desarrollado en compaÃ±Ã­a del Pantone Color Institute), azul (Dazzling Blue), plata, rosa, blanco y dorado",http://computerhoy.com/analisis/huawei-p10-analisis-opinion-59410
"Pero hay mÃ¡s novedades. Resulta que la pantalla es un poco mÃ¡s pequeÃ±a, el procesador es mÃ¡s potente y la baterÃ­a aumenta ligeramente su capacidad, asÃ­ como tambiÃ©n encontramos instalada de fÃ¡brica la Ãºltima versiÃ³n de Android 7.0 Nougat. Pero hasta ahÃ­ no te estamos diciendo nada que no hayas leÃ­do en las Ãºltimas semanas. Â¿Quieres saber cuÃ¡les son nuestras opiniones sobre este mÃ³vil de Huawei? Lo explicamos todo en detalle en esta review",http://computerhoy.com/analisis/huawei-p10-analisis-opinion-59410