2 inch 1080p resolution lcd display covered gorilla glass 4,['display']
display boosted software technologies triluminos x reality maximize color brightness make deliver punchier colors,['display']
sony xperia xz powered ubiquitous qualcomm snapdragon 820 chipset features quad core processor 2,['processor']
sony decided showcase camera department best work xperia xz smartphone comes 23mp main camera powered custom sony imx300 imaging sensor,"['camera', 'camera']"
camera f 2,['camera']
front 13mp camera 1 3 inch sensor larger traditionally used front cameras,['camera']
despite 23mp camera xperia xz might hard time standing,['camera']
2900mah battery runs system support quick charge bespoke battery preservation tech sees smartphone stop charging 90 finish rest battery slower prevent cells damage,"['battery', 'battery', 'battery']"
2 inch full hd display 1080 x 1920 pixels ips lcd kind,['display']
triluminous x reality sony shy away throwing bunch pompous marketing names convince everyone superior qualities screen,['screen']
top shelf phones 2016 come qualcomm snapdragon 820 system chip sony xperia xz exception 820 3gb ram,['ram']
main camera xperia xz features custom made sony imx300 sensor 1 2,['camera']
front xperia xz equipped 13 megapixel camera,['camera']
fact xperia xz 23 megapixel camera default superior auto captures 8mp images,['camera']
already walked counter intuitive way switch 4k video record 4k video video mode swipe camera apps select 4k already told takes forever switch 4k video interface absolutely contrary intuitive,['camera']
sony xperia xz features non removable 2 900 mah battery,['battery']
however users really interested actual battery life daily use,['battery']
another interesting thing test charge times much take fully recharge phone 0 100 using wall charger cable provided box sony xperia xz scores middle pack terms battery life annoyingly slow recharge,['battery']
however many places falls short especially compared strong competition display features bluish properly balanced colors sometimes stutters fairly scarce 20gb user available storage space camera slow often counter intuitive images videos level ones iphones galaxies lacks quick charging united states even ships without fingerprint scanner,"['display', 'storage', 'camera']"
50 less get excellent apple iphone 7 delivers waterproofing also exquisite body amazing camera outstanding smooth performance,['camera']
100 less get also superior galaxy s7 compact design excellent camera,['camera']
nightly charges happens battery remains plugged long fully charged continuous trickle charge stressful battery cell makes degrade faster,"['battery', 'battery']"
sony clever trick learns usually wake say 7am would stop charging battery night reaches around 90 resume charging closer wake time,['battery']
way still wake fully charged battery damage excessive charging avoided,['battery']
hopefully mean battery health remain excellent long run users looking daily charging results score really nothing write home,['battery']
put paces standardized battery test puts phones equal playing ground set screens 200 nits brightness level comfortable indoor use run custom script measures typical phone use screen time,"['battery', 'screen']"
outstanding xperia xz battery still lasted longer one lg g5 nexus 5x less battery iphone 6s,"['battery', 'battery']"
sony also proud tracking auto focus feature works tap moving object screen phone automatically lock focus track moves,['screen']
track small objects instance sony super wide angle camera objects appear small unless zoom,['camera']
comes front camera content find extraordinary,['camera']
conclusion yes xperia xz feature packed camera rather plus ends making overcomplicated far intuitive,['camera']
terms special sauce main camera sony brings additional laser af helps lock focus faster also color sensor helps phone properly set white balance image,['camera']
sony camera app worthy subject separate discussion many peculiarities hard sum sentences,['camera']
yet xperia xz support 4k capture need scroll camera apps select 4k video things far intuitive,['camera']
happy basic features xz particularly screen keyboard,['screen']
2 full hd display sharp enough users see pixelization,['display']
find issue hence reason complain quad hd display,['display']
perfectly exact one scenario quad hd display would actually beneficial mount phone vr headset actually see real difference sharpness,['display']
time particularly picky color accuracy screen terrible colors unrealistic also pop screen gets sufficiently bright comfortable use various conditions,"['screen', 'screen']"
front beautifully laminated screen gorilla glass 4 yet others already using tougher gorilla glass 5 uses screen android navigation keys,"['screen', 'screen']"
new sony xperia xz probably biggest update series brand new loop design changes appearance phone even make significant change yes slightly larger screen slightly larger battery x performance specs software nearly identical,"['screen', 'battery']"
hood sony xperia xz features top shelf snapdragon 820 system chip 3gb ram board base version handset 32gb internal storage expandable via microsd cards,"['ram', 'storage']"
sony however improved camera 23 megapixel sensor 5 axis software stabilization laser auto focus speeds focusing,['camera']
sony latest flagship xperia z6 comes refined design improved camera due update specs,['camera']
yet see tangible proof ram race leads actual usability benefits people reason way industry would sit still,['ram']
said show xz designers move around front camera sensors,['camera']
terms space management xperia xz typical sony ample bezels around especially display,['display']
appreciate two stage manual shutter button increasingly ability launch camera super quickly less actual shutter release,['camera']
already grown accustomed taking pictures tapping importantly exercising force small physical button often results slightly misaligned shots camera shake small devices get steady grip opposed actual digicam,['camera']
sony confident nailed flagship display size resolution xperia z2 sticking ever since including xperia xz,['display']
2 inch fullhd display means density 424ppi plenty sharp,['display']
display posted good scores across board exception color accuracy,['display']
xperia xz relies 2 900mah battery keep powered,['battery']
technology allows phone monitor cell electrochemical processes real time adjust charging parameters accordingly minimize cell damage extend battery unit lifespan,['battery']
battery care say charge phone overnight regularly plug midnight unplug 8 morning,['battery']
time phone recognize pattern charge battery 90 stop charging,['battery']
enable back basics get single homescreen access dialer contacts text messages camera clock basics,['camera']
big stuff like proprietary stamina battery saving modes home baked multimedia apps well,['battery']
includes swipe gesture shows screen apps use along recommendations new apps install,['screen']
arrange quick toggle tiles adjust screen brightness,['screen']
iphone 7 breezes test thanks combination powerful gpu low screen resolution,['screen']
includes network storage view photos dlna server home computer one,['storage']
sets xz apart year top dogs exactly good way either 3gb ram rest big names gone 4gb oneplus 3 6gb ram though actually using actively,"['ram', 'ram']"
ram much effect geekbench scores cpu focused benchmark yet xperia xz fare quite well rest peers,['ram']
smart cleaner frees memory kinds sony xperia xz review smart cleaner frees memory kinds sony xperia xz review smart cleaner frees memory kinds sony xperia xz review smart cleaner frees memory kinds,"['memory', 'memory', 'memory', 'memory']"
screen pinning either like xperia x performance apparently popular feature seen since,['screen']
software side things sony stamina battery saving feature,['battery']
qnovo claims battery last hundreds charge cycles conventionally charged battery,"['battery', 'battery']"
means year extra longevity theory battery ages better hopefully able hold charge better time important aspect phone battery sealed,"['battery', 'battery']"
battery care another proprietary sony feature however introduced xperia xz,['battery']
web browsing wi fi depletes xperia xz battery 9 hours spectacular tangible improvement z5 7 40h,['battery']
looping test video battery 10 xperia xz lasts 8 half hours pretty much x performance,['battery']
compare 4 hours z5 barely squeezes capacity battery,['battery']
wi fi connection used screen casting miracast google cast dlna,['screen']
lets hook usb storage accessories charge devices,['storage']
makes sense form screen lock enabled protect contents device,['screen']
right proximity ambient light sensors left find front facing camera,['camera']
camera top left corner flash underneath,['camera']
galaxy s7 meanwhile smaller every dimension though display admittedly 0,['display']
7mm get bit screen real estate,['screen']
display one size resolution last generation necessarily bad thing xz also comes 3gb ram modern day flagships crack condescending smile seeing spec sheet,"['display', 'ram']"
one laugh rest though top line snapdragon 820 chipset 23mp camera trio focusing technologies 4k video recording one could think z required m5 high res 13mp front camera type c connectivity fingerprint reader ip68 rating stereo speakers name one thing missing,"['camera', 'camera']"
23mp primary camera sony xperia xz familiar existing sony high end models aspect better,['camera']
particular specs camera changed since xperia z5,['camera']
xperia xz uses sony latest camera ui,['camera']
camera app tab holds useful features features fun,['camera']
put simply xperia xz camera output alright,['camera']
xperia xz equipped 13mp selfie camera making highest res front facer big name flagship sony gets,['camera']
2 inch display size resolution better camera every known focusing tech built extra color temperature sensor,"['display', 'camera']"
s7 edge get screen real estate mostly physical dimensions sharper,['screen']
curved samsung flagship also much longer battery life going primary camera half pixels xz,"['battery', 'camera']"
greatest leap perhaps battery life z5 fared miserably adopted specific brightness level battery tests,"['battery', 'battery']"
display also improvement visibly also measurably,['display']
time time though get truly excited sony camera,['camera']
try get us wrong one bad camera best camera still beats us sony makers make one,"['camera', 'camera']"
stick fit screen magnification appreciate good dynamic range genuine color reproduction particularly natural light,['screen']
selfie cam pretty much features main camera aside minor differences selfie cam manual mode iso selector manual focus slider,['camera']
even reminds look camera lens taking photo,['camera']
like xperias xperia xz camera lets capture moments blink eye locked phone takes mere 0,['camera']
use feature need enable taking photo waking camera shutter key settings,['camera']
new xperia xz camera,['camera']
idea tap subject camera track movement keeping focus locked,['camera']
taking look around device headphone jack usb type c port top bottom respectively combined sim card microsd card slot left finally right side power button volume rocker sony signature dedicated camera shutter button,['camera']
2 inch ips lcd display full hd resolution resulting pixel density 424 ppi,['display']
hood xperia xz packs quad core qualcomm snapdragon 820 processor backed adreno 530 gpu 3 gb ram,"['processor', 'ram']"
processing package generally seen current flagships 4 gb ram norm reduction may disappointing,['ram']
xperia xz comes 32 gb 64 gb board storage opt lower storage option bolster microsd card 256 gb,"['storage', 'storage']"
us version device single sim version also dual sim iteration available markets users make choice dual sim capabilities expandable storage,['storage']
xperia xz comes 2 900 mah battery little smaller lot flagships,['battery']
battery good enough comfortably allow full day use get whole lot beyond,['battery']
sony known making really good camera sensors smartphones unfortunately never managed get camera quite right phones,"['camera', 'camera']"
device sharing 23 mp rear camera smaller xperia x compact also comes 5 axis image stabilization new laser auto focus sensor rgbc ir helps get accurate white balance regardless lighting condition,['camera']
xperia xz differs smaller sibling comes front facing camera former coming 13 mp shooter instead 5 mp front facing unit xperia x compact,['camera']
front camera xperia xz allows plenty detail color captured also get lot flexibility zooming cropping shots,['camera']
quick easy launch camera take shot especially using dedicated camera key pictures takes surprisingly good,"['camera', 'camera']"
camera tend overexpose shots though lot blooming highlights,['camera']
camera also really slow capture picture poorly lit situations holding phone perfectly steady end lot blurry shots,['camera']
integration goes point google second screen part xperia launcher well,['screen']
xperia xz got refreshing new beautiful design still true sony also features beautiful display excellent performance really great camera,"['display', 'camera']"
much like phone able forgive lack quad hd display fingerprint sensor,['display']
rest camera experience typically available sony,['camera']
camera app fairly simplistic navigating superior auto manual video recording switching front facing camera done simply swiping screen,"['camera', 'camera', 'screen']"
quirk sony default camera app hdr mode still buried camera settings accessible using manual mode,"['camera', 'camera']"
running battery get charger easily get sony staple stamina ultra stamina modes limit performance certain functionality favor longer battery life,"['battery', 'battery']"
two small slits display house dual stereo front facing speakers sound excellent distortion even highest volume,['display']
1080p display generally get much smoother game play graphics performance compared quad hd screens reduced strain gpu,['display']
despite 3 gb ram managed slow phone heavy amounts multi tasking either certainly feel loss additional gig ram,"['ram', 'ram']"
screen plenty sharp comfortably reading text web browsing excellent viewing angles surprisingly vibrant,['screen']
brightness concern display easily view able outdoors,['display']
also benefits lower resolution display particularly terms performance battery life,"['display', 'battery']"
also noted full review xperia x compact inclusion dedicated camera button provides quick easy way get camera convenient buttons right makes whole side feel quite cluttered,"['camera', 'camera']"
2 inch display allows relatively easy one handed handling experience despite back plate made metal,['display']
speaking metal backing plastic inserts found resulting nfc chip moved back normally expected front next front facing camera,['camera']
sony phones reviewed feature 5 inch plus screen one feels easiest hold,['screen']
sony xperia xz full hd screen bright quite large making great choice looking phone watch lot movies tv,['screen']
features qualcomm snapdragon 820 chipset one best market right working tandem 3gb ram,['ram']
may see phones 4gb 6gb ram board 3gb job nicely,['ram']
battery life xperia xz going blow mind going last average day long flagship phone 2016 users happy,['battery']
end day generally 10 30 charge left one night bedtime got 30 battery notification although much juice left late hour going intensively using phone,['battery']
disables background data gps screen well image enhancement vibrations,['screen']
put xperia xz techradar battery test running 90 minute clip screen maximum brightness accounts syncing wi fi background 74 left end,"['battery', 'screen']"
sony pushing camera headline feature xperia xz blamed wondering new looking spec list,['camera']
13mp front facing camera rivals impressive chinese handsets designed let indulge narcissistic tendencies,['camera']
capture full hd video front facing camera meaning video calls look good ever need,['camera']
high end screen spec get samsung galaxy s7,['screen']
considering sony xperia xz phones might want consider sony rival brands real highlights xperia xz come form new improved design waterproofing yet well little tweaks camera,['camera']
top range speedy processor 3gb ram improved software xperia xz allow whatever want phone ease,"['processor', 'ram']"
would nice see 2k display xperia xz sony knows best batteries capable stuck full hd,['display']
particularly noticeable taking photos phone comparing images ones shot xperia z5 computer screen revealed color fidelity xperia xz improved quite way,['screen']
sony camera also features optical image stabilization records video 4k,['camera']
found video quality impressive 4k limited use considering screen device full hd,['screen']
marketing xperia xz features images dogs jumping air tried recreate shots techradar home ents writer jon porter xperia xz comes 23mp rear camera size sensor seen maximum aperture f 2,['camera']
compared samsung galaxy s7 edge 3600mah battery quite poor s7 edge dropped 14 battery test,"['battery', 'battery']"
especially poor consider xperia xz full hd screen 2k display,"['screen', 'display']"
xperia xz stun battery life see day moderate use hopefully last longer time xperia z5 many android phones,['battery']
waiting important phone call always use ultra stamina mode allows access phone basic apps contacts messages camera,['camera']
sony wants help optimize battery performance lifetime phone help welcome feature planning hanging xz years,['battery']
xperia z5 series phones best terms battery life worst either similar story,['battery']
may find storage bit issue xperia xz comes 32gb standard larger capacity model hard fill 32gb given android takes 10gb add apps music movies,['storage']
issue screen xperia xz little small playing games regular basis recommend picking xperia z4 tablet 2k 10 inch screen,"['screen', 'screen']"
screen bright looks good though 2k likely deal breaker reason buy xperia xz,['screen']
situations use screen unlock pattern pin major issue,['screen']
2 inch screen xperia xz may feel little large smaller hands,['screen']
average size screen flagship smartphones right note likely need use hands reach edges,['screen']
small improvements design camera battery tech big headline feature major difference compare xperia z5,"['camera', 'battery']"
credentials usual xperia design straight lines good camera least theory,['camera']
physical buttons front volume camera right side,"['camera', 'camera']"
"part, camera button used activate corresponding app well focus shoot","['camera', 'camera', 'camera']"
play music fine clear disadvantage makes body mobile significantly larger consider size screen,"['camera', 'camera', 'camera', 'screen']"
analysis sony xperia xz found surprising feature screen,"['camera', 'camera', 'camera', 'screen', 'screen']"
pretensions manufacturer emphasize aspects camera design still panel really catches attention,"['camera', 'camera', 'camera', 'screen', 'screen', 'camera']"
opinion deserves screen new xperia really good,"['camera', 'camera', 'camera', 'screen', 'screen', 'camera', 'screen']"
two technologies responsible performance panel triluminos screen motor x reality,"['camera', 'camera', 'camera', 'screen', 'screen', 'camera', 'screen', 'screen']"
perhaps points per inch since 424 little far best smartphone screen samsung galaxy s7 edge 534,"['camera', 'camera', 'camera', 'screen', 'screen', 'camera', 'screen', 'screen', 'screen']"
optimization good positive impact performance battery life,"['camera', 'camera', 'camera', 'screen', 'screen', 'camera', 'screen', 'screen', 'screen', 'battery']"
another glue put screen activated putting finger reader option manufacturers start considering,"['camera', 'camera', 'camera', 'screen', 'screen', 'camera', 'screen', 'screen', 'screen', 'battery', 'screen']"
performance assured since snapdragon 820 four-core gpu adreno 530 3gb ram process resist,"['camera', 'camera', 'camera', 'screen', 'screen', 'camera', 'screen', 'screen', 'screen', 'battery', 'screen', 'ram']"
"although may think 3 gb ram few, really","['camera', 'camera', 'camera', 'screen', 'screen', 'camera', 'screen', 'screen', 'screen', 'battery', 'screen', 'ram', 'ram']"
sony entered scale specifications lead brands plan mobile 8 gb ram,"['camera', 'camera', 'camera', 'screen', 'screen', 'camera', 'screen', 'screen', 'screen', 'battery', 'screen', 'ram', 'ram', 'ram']"
sony wanted place camera top range one best market,"['camera', 'camera', 'camera', 'screen', 'screen', 'camera', 'screen', 'screen', 'screen', 'battery', 'screen', 'ram', 'ram', 'ram', 'camera']"
manufacturers innovate aspects like dual camera,"['camera', 'camera', 'camera', 'screen', 'screen', 'camera', 'screen', 'screen', 'screen', 'battery', 'screen', 'ram', 'ram', 'ram', 'camera', 'camera']"
xperia xz sony remained thirteen goes 23 mp main camera 13 one selfies sensor exmor rs f 1 2 3 wide-angle 23mm case first,"['camera', 'camera', 'camera', 'screen', 'screen', 'camera', 'screen', 'screen', 'screen', 'battery', 'screen', 'ram', 'ram', 'ram', 'camera', 'camera', 'camera']"
"buy mobile phone like xz take photos, essential good micro sd trouble storage space","['camera', 'camera', 'camera', 'screen', 'screen', 'camera', 'screen', 'screen', 'screen', 'battery', 'screen', 'ram', 'ram', 'ram', 'camera', 'camera', 'camera', 'storage']"
second camera software automatically recognizes scene applies mode suits best manual,"['camera', 'camera', 'camera', 'screen', 'screen', 'camera', 'screen', 'screen', 'screen', 'battery', 'screen', 'ram', 'ram', 'ram', 'camera', 'camera', 'camera', 'storage', 'camera']"
become desperate makes xperia xz good camera could give much,"['camera', 'camera', 'camera', 'screen', 'screen', 'camera', 'screen', 'screen', 'screen', 'battery', 'screen', 'ram', 'ram', 'ram', 'camera', 'camera', 'camera', 'storage', 'camera', 'camera']"
camera high-end mobile require much handful megapixels,"['camera', 'camera', 'camera', 'screen', 'screen', 'camera', 'screen', 'screen', 'screen', 'battery', 'screen', 'ram', 'ram', 'ram', 'camera', 'camera', 'camera', 'storage', 'camera', 'camera', 'camera']"
counterpoint certainly critical opinion sony xperia xz camera must said favor captures movement colors really well intensely focuses surprising speed,"['camera', 'camera', 'camera', 'screen', 'screen', 'camera', 'screen', 'screen', 'screen', 'battery', 'screen', 'ram', 'ram', 'ram', 'camera', 'camera', 'camera', 'storage', 'camera', 'camera', 'camera', 'camera']"
part front camera selfies 13 mp main cameras although repeats mistakes older sister,"['camera', 'camera', 'camera', 'screen', 'screen', 'camera', 'screen', 'screen', 'screen', 'battery', 'screen', 'ram', 'ram', 'ram', 'camera', 'camera', 'camera', 'storage', 'camera', 'camera', 'camera', 'camera', 'camera']"
video reaches 4k although appear options provided camera software separate mode,"['camera', 'camera', 'camera', 'screen', 'screen', 'camera', 'screen', 'screen', 'screen', 'battery', 'screen', 'ram', 'ram', 'ram', 'camera', 'camera', 'camera', 'storage', 'camera', 'camera', 'camera', 'camera', 'camera', 'camera']"
camera smartphone also succeeds successfully capturing movement fluid way conveying sense naturalness mobiles achieve,"['camera', 'camera', 'camera', 'screen', 'screen', 'camera', 'screen', 'screen', 'screen', 'battery', 'screen', 'ram', 'ram', 'ram', 'camera', 'camera', 'camera', 'storage', 'camera', 'camera', 'camera', 'camera', 'camera', 'camera', 'camera']"
900 mah battery power autonomy smartphone,"['camera', 'camera', 'camera', 'screen', 'screen', 'camera', 'screen', 'screen', 'screen', 'battery', 'screen', 'ram', 'ram', 'ram', 'camera', 'camera', 'camera', 'storage', 'camera', 'camera', 'camera', 'camera', 'camera', 'camera', 'camera', 'battery']"
maximum brightness battery xperia xz give approximately day autonomy choose one battery-saving modes lower brightness panel,"['camera', 'camera', 'camera', 'screen', 'screen', 'camera', 'screen', 'screen', 'screen', 'battery', 'screen', 'ram', 'ram', 'ram', 'camera', 'camera', 'camera', 'storage', 'camera', 'camera', 'camera', 'camera', 'camera', 'camera', 'camera', 'battery', 'battery']"
screen bright know section hardware one consumes battery,"['camera', 'camera', 'camera', 'screen', 'screen', 'camera', 'screen', 'screen', 'screen', 'battery', 'screen', 'ram', 'ram', 'ram', 'camera', 'camera', 'camera', 'storage', 'camera', 'camera', 'camera', 'camera', 'camera', 'camera', 'camera', 'battery', 'battery', 'screen', 'battery']"
make analysis battery life xperia xz put play video hd streaming youtube,"['camera', 'camera', 'camera', 'screen', 'screen', 'camera', 'screen', 'screen', 'screen', 'battery', 'screen', 'ram', 'ram', 'ram', 'camera', 'camera', 'camera', 'storage', 'camera', 'camera', 'camera', 'camera', 'camera', 'camera', 'camera', 'battery', 'battery', 'screen', 'battery', 'battery']"
taking account brightness screen bad,"['camera', 'camera', 'camera', 'screen', 'screen', 'camera', 'screen', 'screen', 'screen', 'battery', 'screen', 'ram', 'ram', 'ram', 'camera', 'camera', 'camera', 'storage', 'camera', 'camera', 'camera', 'camera', 'camera', 'camera', 'camera', 'battery', 'battery', 'screen', 'battery', 'battery', 'screen']"
comes equivalent battery saving android devices case offers modify want thrifty consumption,"['camera', 'camera', 'camera', 'screen', 'screen', 'camera', 'screen', 'screen', 'screen', 'battery', 'screen', 'ram', 'ram', 'ram', 'camera', 'camera', 'camera', 'storage', 'camera', 'camera', 'camera', 'camera', 'camera', 'camera', 'camera', 'battery', 'battery', 'screen', 'battery', 'battery', 'screen', 'battery']"
almost half hour taken charge 50's battery almost two half full charge much desirable,"['camera', 'camera', 'camera', 'screen', 'screen', 'camera', 'screen', 'screen', 'screen', 'battery', 'screen', 'ram', 'ram', 'ram', 'camera', 'camera', 'camera', 'storage', 'camera', 'camera', 'camera', 'camera', 'camera', 'camera', 'camera', 'battery', 'battery', 'screen', 'battery', 'battery', 'screen', 'battery', 'battery']"
use certain applications camera,"['camera', 'camera', 'camera', 'screen', 'screen', 'camera', 'screen', 'screen', 'screen', 'battery', 'screen', 'ram', 'ram', 'ram', 'camera', 'camera', 'camera', 'storage', 'camera', 'camera', 'camera', 'camera', 'camera', 'camera', 'camera', 'battery', 'battery', 'screen', 'battery', 'battery', 'screen', 'battery', 'battery', 'camera']"
half hour taking photos battery left 30 capacity,"['camera', 'camera', 'camera', 'screen', 'screen', 'camera', 'screen', 'screen', 'screen', 'battery', 'screen', 'ram', 'ram', 'ram', 'camera', 'camera', 'camera', 'storage', 'camera', 'camera', 'camera', 'camera', 'camera', 'camera', 'camera', 'battery', 'battery', 'screen', 'battery', 'battery', 'screen', 'battery', 'battery', 'camera', 'battery']"
something similar happens nfc chip placed left camera selfies,"['camera', 'camera', 'camera', 'screen', 'screen', 'camera', 'screen', 'screen', 'screen', 'battery', 'screen', 'ram', 'ram', 'ram', 'camera', 'camera', 'camera', 'storage', 'camera', 'camera', 'camera', 'camera', 'camera', 'camera', 'camera', 'battery', 'battery', 'screen', 'battery', 'battery', 'screen', 'battery', 'battery', 'camera', 'battery', 'camera']"
one slots used expand storage capacity 256 gb addition 32 64 internal storage,"['camera', 'camera', 'camera', 'screen', 'screen', 'camera', 'screen', 'screen', 'screen', 'battery', 'screen', 'ram', 'ram', 'ram', 'camera', 'camera', 'camera', 'storage', 'camera', 'camera', 'camera', 'camera', 'camera', 'camera', 'camera', 'battery', 'battery', 'screen', 'battery', 'battery', 'screen', 'battery', 'battery', 'camera', 'battery', 'camera', 'storage', 'storage']"
main one absence optical stabilizer camera photos,"['camera', 'camera', 'camera', 'screen', 'screen', 'camera', 'screen', 'screen', 'screen', 'battery', 'screen', 'ram', 'ram', 'ram', 'camera', 'camera', 'camera', 'storage', 'camera', 'camera', 'camera', 'camera', 'camera', 'camera', 'camera', 'battery', 'battery', 'screen', 'battery', 'battery', 'screen', 'battery', 'battery', 'camera', 'battery', 'camera', 'storage', 'storage', 'camera']"
"true, smartphone serves almost everything good screen design large part public may seem attractive although matter taste","['camera', 'camera', 'camera', 'screen', 'screen', 'camera', 'screen', 'screen', 'screen', 'battery', 'screen', 'ram', 'ram', 'ram', 'camera', 'camera', 'camera', 'storage', 'camera', 'camera', 'camera', 'camera', 'camera', 'camera', 'camera', 'battery', 'battery', 'screen', 'battery', 'battery', 'screen', 'battery', 'battery', 'camera', 'battery', 'camera', 'storage', 'storage', 'camera', 'screen']"
good sony xperia xz looks good die spill drink bold screen makes mobile games look great,['screen']
bad battery life impress camera,"['battery', 'camera']"
full hd display high resolution rivals,['display']
looks good screen great xperia line water resistant ip68 glimmer samsung eye,['screen']
google pixel samsung galaxy s7 phones much better cameras longer battery life price less,['battery']
protection designed keep safe accidental drink spills rain underwater camera,['camera']
32gb built storage standard pop microsd card expand heart content,['storage']
colours really pop screen making good option like playing vibrant games like candy crush watch colourful tv shows like power rangers,['screen']
bright screen easily countering overhead lights cnet london office easily readable britain grey autumnal clouds,['screen']
running 64 bit qualcomm snapdragon 820 processor backed 3gb ram keeps things ticking smoothly indeed,"['processor', 'ram']"
23 megapixel camera back xz capable taking decent shots,['camera']
sensor high resolution means still detail zoom images although fine details grass brickwork look little hazy thanks camera heavy handed image processing,['camera']
front facing camera decent job capturing excitement train click see full size,['camera']
13 megapixel front facing camera wide angle lens letting cram friends picture without use embarrassing selfie stick,['camera']
good able use screen flash iphone,['screen']
main issue camera interface,['camera']
fiddly switch shooting modes although record video ultra hd 4k resolution standard video mode find way camera apps menu select dedicated 4k video mode,['camera']
used point shoot simplicity iphone expect feel frustrated xz camera,['camera']
sony crammed 2 900 mah battery phone,['battery']
disappoint though battery performance,['battery']
phones though battery life depend use,['battery']
vibrant screen biggest power drain course keeping brightness help save strenuous tasks like gaming video streaming back home near plug,['screen']
like design got power spare screen great colourful gaming,['screen']
com xz roundly beaten higher resolution screen better battery life much better camera,"['screen', 'battery', 'camera']"
naming convention speaks nature phone continuation x series spearheaded earlier year xperia x x performance hints old xperia z brand bigger screen capacious battery seriously important camera upgrades including first time sony phone hardware stabilization,"['screen', 'battery', 'camera']"
sony xperia xz return form manufacturer much improved camera interesting chassis design solid performance areas,['camera']
although camera lot better sony phone dependable samsung latest,['camera']
outer trim houses familiar collection buttons power volume dedicated camera key along right edge,['camera']
2 inch screen size,['screen']
complain quality display though,['display']
lcd panel sony triluminos branding buzzwords aside found clear vibrant display android phone even direct sunlight,['display']
samsung galaxy s7 others xz beaten sheer pixel density every area top notch screen,['screen']
always said 1080p screen size perfectly fine find missing extra density samsung latest displays,['screen']
internally xz packs standard high end android internals snapdragon 820 processor 3gb ram 32gb internal storage,"['processor', 'ram', 'storage']"
powering whole assembly 2 900mah internal battery welcome upgrade 2 620mah xperia x,['battery']
discuss battery longevity later review phone always performed admirably performance lag noticed initial setup phone updating apps lte connection,['battery']
internals may mostly sony camera hardware undergone significant upgrades,['camera']
first time rear camera sports hardware stabilization 5 axis stabilization solution sony says yet offered partners backed laser autofocus new color spectrum sensor around back,['camera']
sony specs unique camera hardware audio video bells whistles,['camera']
main aesthetic flourishes center around sony stylized lock screen launcher well handful company apps like material style weather app,['screen']
first outside google launcher least officially sony home screen setup able bring google mix vertical scrolling pane leftmost home screen panel,"['screen', 'screen']"
helpful addition lets stick sony home screen setup prefer greater customization app suggestions provides also keeping google predictive capabilities fingertips,['screen']
elsewhere smaller tweaks largely vanilla android experience things like custom quick settings buttons sony launcher suggested apps recommended downloads google doze mode augmented sony proven stamina mode cuts back background data cpu performance extend battery life,['battery']
new features able track live settings app new smart cleaner recreates phone optimization features rivals like samsung htc helping clear old files optimize memory frequently used apps,['memory']
first week phone much cludge accumulated internal storage yet feature may become useful time,['storage']
backed color spectrum sensor led flash laser autofocus complete smartphone camera trifecta,['camera']
much needed move hardware stabilization brings serious improvements sony latest camera especially indoor low light conditions,['camera']
part dependable around camera produce good looking photos situations,['camera']
sony camera app changed whole lot since last saw xperia x,['camera']
slider right edge lets choose manual superior auto video sony various plug camera apps,['camera']
basically everything expect standalone digital camera,['camera']
overall easily sony best phone camera yet quite reach standards apple samsung terms guaranteed brilliance every time,['camera']
using sony xperia xz four days time writing still getting hang phone day day battery performance,['battery']
2 inch screen battery size,"['screen', 'battery']"
regularly getting 12 14 hours xperia xz working lte day hitting battery stamina mode 30 percent charge,['battery']
around 3 hours screen time point respectable showing current android phone,['screen']
mentioned battery stamina mode step save day running low charge sony includes regular stamina ultra stamina modes depending much functionality want cut back name battery life,"['battery', 'battery']"
balance reasonably happy battery performance getting xperia xz,['battery']
finally seeing significant leap forward camera performance xperia phone big hardware additions result better photos almost every time,['camera']
sony camera great best,['camera']
necessary talk strangeness none position hardware buttons since control android integrated screen already common operating system thought counterpart subtract inches actual use sometimes,"['camera', 'screen']"
finally right side one element plus button take pictures directly trigger gives access camera application serves make shots,"['camera', 'screen', 'camera']"
review essential components device first thing comes mind track processor quad-core 820 snapdragon works 2 15 ghz,"['camera', 'screen', 'camera', 'processor']"
far good real surprise one see phone comes 3 gb ram may make think analysis sony xperia xz suffered reason,"['camera', 'screen', 'camera', 'processor', 'ram']"
0 merged company's interface abuses bloatware everything said although options like app playstation thank found good melting point results seen always among best true opening application camera example noticed time passes models something hardware user interface one realize excessive beginnings complete process,"['camera', 'screen', 'camera', 'processor', 'ram', 'camera']"
use usual day half get without problem screen steadily arriving 6 o'clock chimera,"['camera', 'screen', 'camera', 'processor', 'ram', 'camera', 'screen']"
way said brightness intense reduces autonomy part allows sony xperia xz screen look really good best seen date,"['camera', 'screen', 'camera', 'processor', 'ram', 'camera', 'screen', 'screen']"
yes included stabilizer things would even better possibly would street best camera phone market absence makes photos may imperfections form bottom nothing serious,"['camera', 'screen', 'camera', 'processor', 'ram', 'camera', 'screen', 'screen', 'camera']"
convincing camera sony xperia xz disappoint market doubt,"['camera', 'screen', 'camera', 'processor', 'ram', 'camera', 'screen', 'screen', 'camera', 'camera']"
camera application complete recharged causes actions commented run slower expected fortunately one shot,"['camera', 'screen', 'camera', 'processor', 'ram', 'camera', 'screen', 'screen', 'camera', 'camera', 'camera']"
note recordings 4k done one modes configuration camera size videos high consider thing happens resolution 23 megapixels taking photo available 4 3,"['camera', 'screen', 'camera', 'processor', 'ram', 'camera', 'screen', 'screen', 'camera', 'camera', 'camera', 'camera']"
camera responds sometimes noticed lacks dot top component one would expect,"['camera', 'screen', 'camera', 'processor', 'ram', 'camera', 'screen', 'screen', 'camera', 'camera', 'camera', 'camera', 'camera']"
battery 2,"['camera', 'screen', 'camera', 'processor', 'ram', 'camera', 'screen', 'screen', 'camera', 'camera', 'camera', 'camera', 'camera', 'battery']"
